Date,price
2023-02-15 11:35:41.680992,41654.25
2023-02-15 11:35:51.811762,41645.7
2023-02-15 11:36:01.962188,41649.1
2023-02-15 11:36:12.080673,41646.6
2023-02-15 11:36:22.205566,41647.15
2023-02-15 11:36:32.324560,41643.25
2023-02-15 11:36:42.465866,41652.95
2023-02-15 11:36:52.628605,41651.9
2023-02-15 11:37:02.764930,41653.3
2023-02-15 11:37:12.902536,41654.55
2023-02-15 11:37:23.032715,41661.15
2023-02-15 11:37:33.163271,41656.8
2023-02-15 11:37:43.297466,41659.85
2023-02-15 11:37:53.441123,41660.1
2023-02-15 11:38:03.565956,41657.05
2023-02-15 11:38:13.696943,41653.75
2023-02-15 11:38:23.825357,41650.85
2023-02-15 11:38:33.931805,41651.35
2023-02-15 11:38:44.055437,41646.65
2023-02-15 11:38:54.201988,41645.35
2023-02-15 11:39:04.318704,41643.45
2023-02-15 11:39:14.491574,41647.65
2023-02-15 11:39:24.644486,41647.65
2023-02-15 11:39:34.783874,41646.2
2023-02-15 11:39:44.933109,41646.85
2023-02-15 11:39:55.069224,41644.2
2023-02-15 11:40:05.190144,41641.95
2023-02-15 11:40:15.324508,41634.0
2023-02-15 11:40:25.467812,41631.8
2023-02-15 11:40:35.610919,41631.25
2023-02-15 11:40:45.728282,41626.75
2023-02-15 11:40:55.852047,41626.9
2023-02-15 11:41:05.987167,41627.3
2023-02-15 11:41:16.118657,41630.85
2023-02-15 11:41:26.245631,41631.8
2023-02-15 11:41:36.371871,41630.2
2023-02-15 11:41:46.494221,41633.55
2023-02-15 11:41:56.612744,41633.55
2023-02-15 11:42:06.724327,41636.35
2023-02-15 11:42:16.837189,41634.4
2023-02-15 11:42:26.972996,41634.85
2023-02-15 11:42:37.097259,41636.6
2023-02-15 11:42:47.204420,41635.2
2023-02-15 11:42:57.326655,41634.1
2023-02-15 11:43:07.440986,41632.45
2023-02-15 11:43:17.559175,41632.3
2023-02-15 11:43:27.690296,41631.6
2023-02-15 11:43:37.829473,41632.65
2023-02-15 11:43:47.967792,41633.05
2023-02-15 11:43:58.095613,41633.15
2023-02-15 11:44:08.262709,41632.8
2023-02-15 11:44:18.363445,41635.75
2023-02-15 11:44:28.504265,41635.3
2023-02-15 11:44:38.627252,41640.15
2023-02-15 11:44:48.769998,41639.45
2023-02-15 11:44:58.885277,41643.65
2023-02-15 11:45:09.008272,41642.7
2023-02-15 11:45:19.117368,41642.4
2023-02-15 11:45:29.259496,41642.1
2023-02-15 11:45:39.403121,41646.8
2023-02-15 11:45:49.502612,41645.75
2023-02-15 11:45:59.619101,41647.45
2023-02-15 11:46:09.747401,41647.95
2023-02-15 11:46:19.877548,41648.35
2023-02-15 11:46:30.002309,41652.65
2023-02-15 11:46:40.117869,41655.35
2023-02-15 11:46:50.290925,41653.2
2023-02-15 11:47:00.450088,41652.1
2023-02-15 11:47:10.587507,41650.85
2023-02-15 11:47:20.716316,41649.65
2023-02-15 11:47:30.836258,41645.6
2023-02-15 11:47:40.956283,41648.6
2023-02-15 11:47:51.092179,41652.75
2023-02-15 11:48:01.227498,41652.5
2023-02-15 11:48:11.335532,41656.4
2023-02-15 11:48:21.460193,41653.35
2023-02-15 11:48:31.591099,41652.6
2023-02-15 11:48:41.737490,41653.3
2023-02-15 11:48:51.880171,41653.9
2023-02-15 11:49:02.017820,41653.55
2023-02-15 11:49:12.121902,41653.6
2023-02-15 11:49:22.235145,41656.1
2023-02-15 11:49:32.348403,41653.95
2023-02-15 11:49:42.483108,41651.15
2023-02-15 11:49:52.611292,41649.8
2023-02-15 11:50:02.803931,41645.55
2023-02-15 11:50:12.946357,41646.15
2023-02-15 11:50:23.096617,41646.4
2023-02-15 11:50:33.220406,41645.75
2023-02-15 11:50:43.337814,41644.9
2023-02-15 11:50:53.462344,41642.2
2023-02-15 11:51:03.590583,41643.45
2023-02-15 11:51:13.737292,41642.25
2023-02-15 11:51:23.861336,41637.15
2023-02-15 11:51:33.983563,41639.8
2023-02-15 11:51:44.122701,41638.35
2023-02-15 11:51:54.245306,41640.1
2023-02-15 11:52:04.378454,41639.05
2023-02-15 11:52:14.489230,41636.35
2023-02-15 11:52:24.615671,41637.85
2023-02-15 11:52:34.733447,41638.55
2023-02-15 11:52:44.845387,41639.0
2023-02-15 11:52:54.947116,41638.95
2023-02-15 11:53:05.086341,41639.1
2023-02-15 11:53:15.191929,41641.15
2023-02-15 11:53:25.320619,41640.2
2023-02-15 11:53:35.458178,41633.85
2023-02-15 11:53:45.574952,41634.75
2023-02-15 11:53:55.696047,41634.45
2023-02-15 11:54:05.834284,41631.6
2023-02-15 11:54:15.964810,41630.1
2023-02-15 11:54:26.094537,41629.65
2023-02-15 11:54:36.216358,41626.5
2023-02-15 11:54:46.370789,41626.85
2023-02-15 11:54:56.494182,41622.95
2023-02-15 11:55:06.614573,41624.35
2023-02-15 11:55:16.767854,41620.75
2023-02-15 11:55:26.894117,41613.9
2023-02-15 11:55:37.013971,41609.65
2023-02-15 11:55:47.167948,41604.2
2023-02-15 11:55:57.304521,41593.9
2023-02-15 11:56:07.484143,41586.85
2023-02-15 11:56:17.624649,41583.95
2023-02-15 11:56:27.753878,41583.7
2023-02-15 11:56:37.883858,41582.2
2023-02-15 11:56:48.007578,41581.75
2023-02-15 11:56:58.115368,41582.7
2023-02-15 11:57:08.252790,41580.8
2023-02-15 11:57:18.362771,41584.7
2023-02-15 11:57:28.492015,41580.2
2023-02-15 11:57:38.616249,41582.5
2023-02-15 11:57:48.782838,41582.4
2023-02-15 11:57:58.896658,41585.35
2023-02-15 11:58:09.022753,41581.65
2023-02-15 11:58:19.166868,41590.35
2023-02-15 11:58:29.293272,41609.25
2023-02-15 11:58:39.412189,41619.15
2023-02-15 11:58:49.542259,41624.8
2023-02-15 11:58:59.692307,41644.2
2023-02-15 11:59:09.822581,41651.85
2023-02-15 11:59:19.941853,41641.45
2023-02-15 11:59:30.071977,41643.85
2023-02-15 11:59:40.204084,41623.45
2023-02-15 11:59:50.337435,41615.9
2023-02-15 12:00:00.491384,41599.85
2023-02-15 12:00:10.663568,41594.85
2023-02-15 12:00:20.961342,41594.3
2023-02-15 12:00:31.130723,41581.9
2023-02-15 12:00:41.285758,41571.55
2023-02-15 12:00:51.414389,41580.15
2023-02-15 12:01:01.576362,41561.4
2023-02-15 12:01:11.711238,41552.45
2023-02-15 12:01:21.881104,41557.35
2023-02-15 12:01:32.005097,41556.9
2023-02-15 12:01:42.179242,41549.3
2023-02-15 12:01:52.301015,41550.15
2023-02-15 12:02:02.415261,41548.6
2023-02-15 12:02:12.550807,41544.35
2023-02-15 12:02:22.700731,41545.95
2023-02-15 12:02:32.847681,41543.0
2023-02-15 12:02:42.970557,41542.45
2023-02-15 12:02:53.107996,41545.65
2023-02-15 12:03:03.236506,41552.1
2023-02-15 12:03:13.374643,41554.25
2023-02-15 12:03:23.539966,41554.3
2023-02-15 12:03:33.692817,41551.7
2023-02-15 12:03:43.840135,41563.5
2023-02-15 12:03:53.959136,41570.55
2023-02-15 12:04:04.094031,41569.35
2023-02-15 12:04:14.222658,41563.05
2023-02-15 12:04:24.369627,41567.35
2023-02-15 12:04:34.495865,41563.55
2023-02-15 12:04:44.669635,41568.7
2023-02-15 12:04:54.802870,41573.65
2023-02-15 12:05:04.929459,41565.05
2023-02-15 12:05:15.092935,41566.1
2023-02-15 12:05:25.245971,41564.3
2023-02-15 12:05:35.387238,41567.6
2023-02-15 12:05:45.532369,41569.25
2023-02-15 12:05:55.674252,41563.5
2023-02-15 12:06:05.809178,41562.9
2023-02-15 12:06:15.947135,41563.4
2023-02-15 12:06:26.070866,41563.75
2023-02-15 12:06:36.226721,41563.05
2023-02-15 12:06:46.346537,41559.85
2023-02-15 12:06:56.478970,41561.9
2023-02-15 12:07:06.619076,41559.3
2023-02-15 12:07:16.757003,41556.0
2023-02-15 12:07:26.890483,41552.95
2023-02-15 12:07:37.028619,41547.5
2023-02-15 12:07:47.160756,41546.05
2023-02-15 12:07:57.351140,41540.9
2023-02-15 12:08:07.505700,41531.5
2023-02-15 12:08:17.637570,41530.1
2023-02-15 12:08:27.771043,41526.5
2023-02-15 12:08:37.913192,41529.45
2023-02-15 12:08:48.068559,41534.2
2023-02-15 12:08:58.211392,41540.05
2023-02-15 12:09:08.368089,41539.35
2023-02-15 12:09:18.520838,41524.95
2023-02-15 12:09:28.657991,41522.25
2023-02-15 12:09:38.863417,41532.05
2023-02-15 12:09:49.022315,41532.05
2023-02-15 12:09:59.173461,41536.15
2023-02-15 12:10:09.320795,41534.35
2023-02-15 12:10:19.451165,41545.45
2023-02-15 12:10:29.577697,41552.6
2023-02-15 12:10:39.775019,41557.25
2023-02-15 12:10:49.913824,41558.35
2023-02-15 12:11:00.052985,41563.7
2023-02-15 12:11:10.189475,41556.0
2023-02-15 12:11:20.310881,41561.0
2023-02-15 12:11:30.449317,41563.15
2023-02-15 12:11:40.580797,41564.5
2023-02-15 12:11:50.690875,41565.4
2023-02-15 12:12:00.837378,41569.7
2023-02-15 12:12:10.967559,41573.8
2023-02-15 12:12:21.097563,41572.15
2023-02-15 12:12:31.239561,41576.15
2023-02-15 12:12:41.370743,41570.4
2023-02-15 12:12:51.497318,41568.0
2023-02-15 12:13:01.621139,41567.15
2023-02-15 12:13:11.731597,41563.65
2023-02-15 12:13:21.866117,41560.75
2023-02-15 12:13:32.000269,41562.4
2023-02-15 12:13:42.109981,41562.65
2023-02-15 12:13:52.236100,41561.35
2023-02-15 12:14:02.367142,41563.3
2023-02-15 12:14:12.493949,41566.7
2023-02-15 12:14:22.607081,41569.35
2023-02-15 12:14:32.728707,41571.0
2023-02-15 12:14:42.852397,41573.7
2023-02-15 12:14:52.971539,41572.9
2023-02-15 12:15:03.105445,41580.2
2023-02-15 12:15:13.236001,41580.0
2023-02-15 12:15:23.346747,41582.45
2023-02-15 12:15:33.489056,41591.2
2023-02-15 12:15:43.613273,41589.05
2023-02-15 12:15:53.738772,41587.4
2023-02-15 12:16:03.848237,41584.45
2023-02-15 12:16:13.969565,41578.45
2023-02-15 12:16:24.103583,41575.15
2023-02-15 12:16:34.221271,41570.8
2023-02-15 12:16:44.326229,41574.35
2023-02-15 12:16:54.445467,41576.3
2023-02-15 12:17:04.569725,41576.55
2023-02-15 12:17:14.795731,41576.4
2023-02-15 12:17:24.919607,41577.75
2023-02-15 12:17:35.053168,41571.85
2023-02-15 12:17:45.176777,41575.8
2023-02-15 12:17:55.335255,41575.1
2023-02-15 12:18:05.470256,41564.05
2023-02-15 12:18:15.601074,41569.55
2023-02-15 12:18:25.707708,41564.7
2023-02-15 12:18:35.835894,41574.3
2023-02-15 12:18:45.948926,41574.75
2023-02-15 12:18:56.071498,41570.1
2023-02-15 12:19:06.197009,41572.7
2023-02-15 12:19:16.371659,41572.5
2023-02-15 12:19:26.508120,41578.65
2023-02-15 12:19:36.717255,41571.45
2023-02-15 12:19:46.832592,41572.0
2023-02-15 12:19:56.945863,41574.75
2023-02-15 12:20:07.107127,41569.95
2023-02-15 12:20:17.262305,41568.25
2023-02-15 12:20:27.425511,41568.3
2023-02-15 12:20:37.575124,41571.35
2023-02-15 12:20:47.695514,41566.45
2023-02-15 12:20:57.815580,41564.8
2023-02-15 12:21:07.938632,41563.15
2023-02-15 12:21:18.056925,41564.6
2023-02-15 12:21:28.195307,41563.75
2023-02-15 12:21:38.305656,41565.9
2023-02-15 12:21:48.515722,41566.3
2023-02-15 12:21:58.671358,41570.65
2023-02-15 12:22:08.839935,41571.3
2023-02-15 12:22:18.945241,41574.25
2023-02-15 12:22:29.086373,41575.5
2023-02-15 12:22:39.224423,41572.55
2023-02-15 12:22:49.358183,41570.05
2023-02-15 12:22:59.487890,41568.7
2023-02-15 12:23:09.608301,41562.95
2023-02-15 12:23:19.731968,41565.5
2023-02-15 12:23:29.843086,41563.7
2023-02-15 12:23:39.972908,41565.1
2023-02-15 12:23:50.092626,41564.35
2023-02-15 12:24:00.222636,41567.4
2023-02-15 12:24:10.392300,41565.9
2023-02-15 12:24:20.504783,41567.05
2023-02-15 12:24:30.664882,41563.85
2023-02-15 12:24:40.820548,41564.8
2023-02-15 12:24:50.941341,41565.95
2023-02-15 12:25:01.051086,41564.95
2023-02-15 12:25:11.174497,41563.65
2023-02-15 12:25:21.323534,41564.8
2023-02-15 12:25:31.456159,41569.6
2023-02-15 12:25:41.580001,41571.95
2023-02-15 12:25:51.709424,41569.9
2023-02-15 12:26:01.875073,41572.65
2023-02-15 12:26:12.001348,41569.65
2023-02-15 12:26:22.119922,41565.6
2023-02-15 12:26:32.228741,41562.15
2023-02-15 12:26:42.390031,41555.4
2023-02-15 12:26:52.578049,41549.65
2023-02-15 12:27:02.707631,41546.95
2023-02-15 12:27:12.832373,41544.95
2023-02-15 12:27:22.987285,41538.4
2023-02-15 12:27:33.107475,41541.4
2023-02-15 12:27:43.223062,41545.8
2023-02-15 12:27:53.379341,41545.65
2023-02-15 12:28:03.512619,41548.15
2023-02-15 12:28:13.629873,41545.85
2023-02-15 12:28:23.748848,41546.15
2023-02-15 12:28:33.885033,41546.65
2023-02-15 12:28:44.025843,41539.0
2023-02-15 12:28:54.150773,41542.0
2023-02-15 12:29:04.266567,41542.6
2023-02-15 12:29:14.395221,41544.7
2023-02-15 12:29:24.522040,41544.35
2023-02-15 12:29:34.698538,41549.05
2023-02-15 12:29:44.834481,41552.9
2023-02-15 12:29:54.969248,41560.15
2023-02-15 12:30:05.144630,41563.3
2023-02-15 12:30:15.281168,41570.55
2023-02-15 12:30:25.427704,41574.9
2023-02-15 12:30:35.566464,41577.25
2023-02-15 12:30:45.699278,41581.6
2023-02-15 12:30:55.837728,41584.15
2023-02-15 12:31:05.987409,41578.2
2023-02-15 12:31:16.111665,41579.1
2023-02-15 12:31:26.247061,41576.7
2023-02-15 12:31:36.364718,41580.15
2023-02-15 12:31:46.484877,41580.15
2023-02-15 12:31:56.642493,41581.6
2023-02-15 12:32:06.795216,41579.65
2023-02-15 12:32:16.944219,41580.65
2023-02-15 12:32:27.085741,41586.9
2023-02-15 12:32:37.235154,41588.55
2023-02-15 12:32:47.372520,41588.55
2023-02-15 12:32:57.521121,41590.0
2023-02-15 12:33:07.691406,41590.05
2023-02-15 12:33:17.850139,41597.6
2023-02-15 12:33:27.978723,41605.8
2023-02-15 12:33:38.139079,41604.75
2023-02-15 12:33:48.290960,41617.9
2023-02-15 12:33:58.457053,41619.65
2023-02-15 12:34:08.610452,41611.9
2023-02-15 12:34:18.772117,41612.8
2023-02-15 12:34:28.896214,41606.5
2023-02-15 12:34:39.028973,41598.95
2023-02-15 12:34:49.170874,41589.2
2023-02-15 12:34:59.339851,41578.45
2023-02-15 12:35:09.480655,41566.05
2023-02-15 12:35:19.639482,41562.75
2023-02-15 12:35:29.799097,41567.1
2023-02-15 12:35:40.029206,41554.9
2023-02-15 12:35:50.151797,41554.35
2023-02-15 12:36:00.301967,41566.95
2023-02-15 12:36:10.445344,41562.3
2023-02-15 12:36:20.605942,41567.55
2023-02-15 12:36:30.738555,41570.7
2023-02-15 12:36:40.938475,41575.65
2023-02-15 12:36:51.106569,41575.15
2023-02-15 12:37:01.243153,41575.8
2023-02-15 12:37:11.420142,41582.95
2023-02-15 12:37:21.550767,41582.85
2023-02-15 12:37:31.680369,41593.9
2023-02-15 12:37:41.828842,41596.1
2023-02-15 12:37:52.038964,41594.65
2023-02-15 12:38:02.185074,41604.1
2023-02-15 12:38:12.401265,41595.5
2023-02-15 12:38:22.600424,41597.45
2023-02-15 12:38:32.746006,41599.2
2023-02-15 12:38:42.886785,41588.95
2023-02-15 12:38:53.017731,41585.55
2023-02-15 12:39:03.156562,41589.85
2023-02-15 12:39:13.312179,41592.65
2023-02-15 12:39:23.530434,41593.8
2023-02-15 12:39:33.728702,41592.8
2023-02-15 12:39:43.880554,41592.85
2023-02-15 12:39:54.030573,41592.2
2023-02-15 12:40:04.182009,41587.1
2023-02-15 12:40:14.349189,41585.6
2023-02-15 12:40:24.509298,41581.05
2023-02-15 12:40:34.648688,41575.65
2023-02-15 12:40:44.832106,41583.95
2023-02-15 12:40:54.955648,41584.25
2023-02-15 12:41:05.119350,41581.75
2023-02-15 12:41:15.278282,41584.25
2023-02-15 12:41:25.421131,41584.95
2023-02-15 12:41:35.587781,41580.85
2023-02-15 12:41:45.725942,41579.25
2023-02-15 12:41:55.857026,41578.35
2023-02-15 12:42:06.005069,41582.05
2023-02-15 12:42:16.144938,41585.15
2023-02-15 12:42:26.284451,41583.55
2023-02-15 12:42:36.447825,41581.9
2023-02-15 12:42:46.637384,41585.6
2023-02-15 12:42:56.764242,41589.15
2023-02-15 12:43:06.908873,41585.55
2023-02-15 12:43:17.034628,41586.45
2023-02-15 12:43:27.185574,41591.0
2023-02-15 12:43:37.315263,41589.15
2023-02-15 12:43:47.477512,41587.95
2023-02-15 12:43:57.637486,41591.2
2023-02-15 12:44:07.784062,41587.65
2023-02-15 12:44:17.932845,41586.25
2023-02-15 12:44:28.093695,41591.2
2023-02-15 12:44:38.258442,41587.65
2023-02-15 12:44:48.407768,41584.05
2023-02-15 12:44:58.545829,41584.8
2023-02-15 12:45:08.712828,41588.85
2023-02-15 12:45:18.852115,41588.25
2023-02-15 12:45:28.986018,41591.3
2023-02-15 12:45:39.137144,41594.7
2023-02-15 12:45:49.269413,41594.35
2023-02-15 12:45:59.401166,41591.4
2023-02-15 12:46:09.519486,41591.7
2023-02-15 12:46:19.679297,41592.25
2023-02-15 12:46:29.845218,41591.05
2023-02-15 12:46:39.980958,41593.75
2023-02-15 12:46:50.109126,41585.65
2023-02-15 12:47:00.273707,41583.7
2023-02-15 12:47:10.418648,41583.3
2023-02-15 12:47:20.572280,41583.6
2023-02-15 12:47:30.719832,41586.05
2023-02-15 12:47:40.861479,41586.8
2023-02-15 12:47:51.021137,41588.8
2023-02-15 12:48:01.180200,41591.6
2023-02-15 12:48:11.318724,41586.2
2023-02-15 12:48:21.461134,41582.75
2023-02-15 12:48:31.613506,41582.3
2023-02-15 12:48:41.779965,41583.8
2023-02-15 12:48:51.912525,41578.55
2023-02-15 12:49:02.071171,41581.35
2023-02-15 12:49:12.212161,41578.6
2023-02-15 12:49:22.361917,41578.9
2023-02-15 12:49:32.508649,41575.75
2023-02-15 12:49:42.647637,41576.55
2023-02-15 12:49:52.781266,41593.25
2023-02-15 12:50:02.907735,41597.75
2023-02-15 12:50:13.038318,41595.75
2023-02-15 12:50:23.197420,41581.8
2023-02-15 12:50:33.360158,41582.55
2023-02-15 12:50:43.499221,41582.25
2023-02-15 12:50:53.665918,41584.05
2023-02-15 12:51:03.799165,41584.45
2023-02-15 12:51:13.944046,41583.2
2023-02-15 12:51:24.076988,41583.8
2023-02-15 12:51:34.267242,41583.6
2023-02-15 12:51:44.482306,41581.05
2023-02-15 12:51:54.628617,41583.55
2023-02-15 12:52:04.759843,41582.45
2023-02-15 12:52:14.906923,41585.4
2023-02-15 12:52:25.030941,41574.8
2023-02-15 12:52:35.189797,41574.5
2023-02-15 12:52:45.342076,41580.6
2023-02-15 12:52:55.496755,41580.75
2023-02-15 12:53:05.639673,41574.85
2023-02-15 12:53:15.776384,41577.6
2023-02-15 12:53:25.978690,41570.95
2023-02-15 12:53:36.116568,41572.6
2023-02-15 12:53:46.271623,41575.05
2023-02-15 12:53:56.398214,41580.55
2023-02-15 12:54:06.551601,41575.65
2023-02-15 12:54:16.706464,41575.85
2023-02-15 12:54:26.879318,41572.9
2023-02-15 12:54:37.027050,41570.25
2023-02-15 12:54:47.195866,41575.7
2023-02-15 12:54:57.346142,41575.3
2023-02-15 12:55:07.512694,41574.05
2023-02-15 12:55:17.647159,41574.65
2023-02-15 12:55:27.756821,41577.8
2023-02-15 12:55:37.930638,41571.75
2023-02-15 12:55:48.070151,41576.15
2023-02-15 12:55:58.216751,41577.15
2023-02-15 12:56:08.355823,41575.7
2023-02-15 12:56:18.515727,41585.7
2023-02-15 12:56:28.655165,41588.45
2023-02-15 12:56:38.812375,41589.45
2023-02-15 12:56:48.941580,41593.5
2023-02-15 12:56:59.097618,41593.75
2023-02-15 12:57:09.483885,41590.7
2023-02-15 12:57:19.611867,41586.8
2023-02-15 12:57:29.731833,41584.0
2023-02-15 12:57:39.855919,41580.4
2023-02-15 12:57:49.999906,41585.65
2023-02-15 12:58:00.153084,41583.8
2023-02-15 12:58:10.284923,41579.75
2023-02-15 12:58:20.506188,41582.4
2023-02-15 12:58:30.655590,41585.05
2023-02-15 12:58:40.782712,41589.1
2023-02-15 12:58:50.932361,41584.85
2023-02-15 12:59:01.041147,41584.65
2023-02-15 12:59:11.187363,41584.25
2023-02-15 12:59:21.299455,41584.6
2023-02-15 12:59:31.423232,41592.35
2023-02-15 12:59:41.550760,41589.35
2023-02-15 12:59:51.667099,41602.5
2023-02-15 13:00:01.804715,41605.25
2023-02-15 13:00:11.937903,41605.55
2023-02-15 13:00:22.053500,41604.4
2023-02-15 13:00:32.195721,41604.4
2023-02-15 13:00:42.332205,41603.0
2023-02-15 13:00:52.451832,41593.95
2023-02-15 13:01:02.560995,41595.55
2023-02-15 13:01:12.700675,41598.5
2023-02-15 13:01:22.833455,41600.95
2023-02-15 13:01:32.939785,41599.0
2023-02-15 13:01:43.039205,41598.2
2023-02-15 13:01:53.161838,41591.65
2023-02-15 13:02:03.288380,41599.3
2023-02-15 13:02:13.471898,41589.4
2023-02-15 13:02:23.594685,41590.75
2023-02-15 13:02:33.717118,41592.9
2023-02-15 13:02:43.847133,41589.9
2023-02-15 13:02:53.970396,41581.05
2023-02-15 13:03:04.120355,41579.75
2023-02-15 13:03:14.245877,41562.15
2023-02-15 13:03:24.366710,41568.0
2023-02-15 13:03:34.505851,41571.65
2023-02-15 13:03:44.632356,41573.1
2023-02-15 13:03:54.765899,41571.85
2023-02-15 13:04:04.877504,41565.5
2023-02-15 13:04:14.994547,41569.55
2023-02-15 13:04:25.124960,41566.35
2023-02-15 13:04:35.291571,41574.55
2023-02-15 13:04:45.414549,41572.15
2023-02-15 13:04:55.553142,41574.75
2023-02-15 13:05:05.681598,41570.55
2023-02-15 13:05:15.793618,41563.2
2023-02-15 13:05:25.932794,41560.85
2023-02-15 13:05:36.067829,41560.3
2023-02-15 13:05:46.183006,41564.15
2023-02-15 13:05:56.332149,41560.75
2023-02-15 13:06:06.452554,41557.25
2023-02-15 13:06:16.589426,41564.0
2023-02-15 13:06:26.741567,41567.05
2023-02-15 13:06:36.873174,41570.35
2023-02-15 13:06:46.996788,41572.95
2023-02-15 13:06:57.117353,41571.7
2023-02-15 13:07:07.259136,41570.0
2023-02-15 13:07:17.409504,41568.55
2023-02-15 13:07:27.551099,41570.2
2023-02-15 13:07:37.659214,41569.3
2023-02-15 13:07:47.796471,41576.35
2023-02-15 13:07:57.915992,41579.35
2023-02-15 13:08:08.046498,41585.65
2023-02-15 13:08:18.190012,41588.1
2023-02-15 13:08:28.304898,41586.45
2023-02-15 13:08:38.434604,41587.55
2023-02-15 13:08:48.554315,41589.35
2023-02-15 13:08:58.677827,41585.55
2023-02-15 13:09:08.803830,41579.7
2023-02-15 13:09:18.940037,41583.8
2023-02-15 13:09:29.065222,41582.75
2023-02-15 13:09:39.173140,41578.35
2023-02-15 13:09:49.322602,41575.3
2023-02-15 13:09:59.462125,41572.75
2023-02-15 13:10:09.592917,41573.45
2023-02-15 13:10:19.749751,41572.8
2023-02-15 13:10:29.867249,41576.35
2023-02-15 13:10:40.012135,41582.0
2023-02-15 13:10:50.157592,41581.05
2023-02-15 13:11:00.291364,41578.5
2023-02-15 13:11:10.436584,41572.0
2023-02-15 13:11:20.574929,41569.35
2023-02-15 13:11:30.685872,41571.15
2023-02-15 13:11:40.810472,41562.2
2023-02-15 13:11:50.934590,41564.05
2023-02-15 13:12:01.069269,41563.05
2023-02-15 13:12:11.186172,41563.5
2023-02-15 13:12:21.325909,41560.8
2023-02-15 13:12:31.456672,41563.15
2023-02-15 13:12:41.628205,41558.7
2023-02-15 13:12:51.750477,41557.15
2023-02-15 13:13:01.872952,41561.05
2023-02-15 13:13:11.975400,41559.75
2023-02-15 13:13:22.164827,41560.0
2023-02-15 13:13:32.311100,41558.5
2023-02-15 13:13:42.430250,41558.95
2023-02-15 13:13:52.568833,41556.4
2023-02-15 13:14:02.674389,41550.5
2023-02-15 13:14:12.794391,41553.6
2023-02-15 13:14:22.920653,41553.65
2023-02-15 13:14:33.032939,41551.85
2023-02-15 13:14:43.165557,41549.75
2023-02-15 13:14:53.288846,41549.7
2023-02-15 13:15:03.476295,41549.45
2023-02-15 13:15:13.605208,41549.6
2023-02-15 13:15:23.737787,41549.7
2023-02-15 13:15:33.877597,41551.1
2023-02-15 13:15:44.003744,41555.45
2023-02-15 13:15:54.116973,41557.95
2023-02-15 13:16:04.259211,41555.9
2023-02-15 13:16:14.373911,41557.2
2023-02-15 13:16:24.513629,41558.95
2023-02-15 13:16:34.643372,41557.6
2023-02-15 13:16:44.778863,41558.85
2023-02-15 13:16:54.883431,41561.8
2023-02-15 13:17:05.025576,41558.7
2023-02-15 13:17:15.213914,41561.75
2023-02-15 13:17:25.342006,41560.05
2023-02-15 13:17:35.452674,41570.3
2023-02-15 13:17:45.592742,41573.5
2023-02-15 13:17:55.723676,41582.4
2023-02-15 13:18:05.834756,41590.55
2023-02-15 13:18:15.942082,41602.6
2023-02-15 13:18:26.093993,41615.1
2023-02-15 13:18:36.204616,41619.2
2023-02-15 13:18:46.321417,41618.05
2023-02-15 13:18:56.491348,41612.95
2023-02-15 13:19:06.603782,41615.2
2023-02-15 13:19:16.711860,41608.7
2023-02-15 13:19:26.823805,41590.55
2023-02-15 13:19:36.942127,41573.95
2023-02-15 13:19:47.080792,41568.85
2023-02-15 13:19:57.220558,41563.25
2023-02-15 13:20:07.331884,41550.55
2023-02-15 13:20:17.480028,41545.0
2023-02-15 13:20:27.610018,41538.0
2023-02-15 13:20:37.750029,41529.2
2023-02-15 13:20:47.893069,41537.25
2023-02-15 13:20:58.019640,41542.25
2023-02-15 13:21:08.149429,41538.7
2023-02-15 13:21:18.273192,41549.15
2023-02-15 13:21:28.409322,41553.6
2023-02-15 13:21:38.524438,41549.55
2023-02-15 13:21:48.652608,41555.8
2023-02-15 13:21:58.773156,41565.4
2023-02-15 13:22:08.896314,41567.2
2023-02-15 13:22:19.012696,41568.55
2023-02-15 13:22:29.142505,41561.8
2023-02-15 13:22:39.270278,41568.8
2023-02-15 13:22:49.388545,41562.85
2023-02-15 13:22:59.509768,41563.0
2023-02-15 13:23:09.618114,41557.75
2023-02-15 13:23:19.747826,41554.0
2023-02-15 13:23:29.858108,41554.45
2023-02-15 13:23:40.004818,41552.8
2023-02-15 13:23:50.134591,41551.85
2023-02-15 13:24:00.291141,41560.5
2023-02-15 13:24:10.419229,41555.5
2023-02-15 13:24:20.546449,41557.9
2023-02-15 13:24:30.673270,41554.3
2023-02-15 13:24:40.792974,41550.15
2023-02-15 13:24:50.932996,41553.65
2023-02-15 13:25:01.041161,41550.4
2023-02-15 13:25:11.150225,41570.35
2023-02-15 13:25:21.292296,41558.9
2023-02-15 13:25:31.408514,41556.35
2023-02-15 13:25:41.527220,41551.8
2023-02-15 13:25:51.632538,41551.2
2023-02-15 13:26:01.742337,41559.05
2023-02-15 13:26:11.885853,41554.15
2023-02-15 13:26:22.016497,41560.1
2023-02-15 13:26:32.158600,41563.1
2023-02-15 13:26:42.296678,41555.65
2023-02-15 13:26:52.409793,41547.3
2023-02-15 13:27:02.533345,41548.75
2023-02-15 13:27:12.654720,41545.05
2023-02-15 13:27:22.789640,41543.25
2023-02-15 13:27:32.940639,41542.7
2023-02-15 13:27:43.066541,41542.75
2023-02-15 13:27:53.192722,41542.25
2023-02-15 13:28:03.344016,41550.15
2023-02-15 13:28:13.481797,41547.65
2023-02-15 13:28:23.604876,41542.75
2023-02-15 13:28:33.732027,41539.2
2023-02-15 13:28:43.871738,41541.15
2023-02-15 13:28:53.981115,41540.95
2023-02-15 13:29:04.089778,41538.7
2023-02-15 13:29:14.206624,41537.1
2023-02-15 13:29:24.316871,41542.3
2023-02-15 13:29:34.442996,41543.4
2023-02-15 13:29:44.565930,41544.1
2023-02-15 13:29:54.699294,41547.75
2023-02-15 13:30:04.809616,41545.4
2023-02-15 13:30:14.954090,41545.45
2023-02-15 13:30:25.074040,41543.85
2023-02-15 13:30:35.191937,41542.25
2023-02-15 13:30:45.337776,41543.45
2023-02-15 13:30:55.452580,41543.95
2023-02-15 13:31:05.574078,41539.25
2023-02-15 13:31:15.704336,41533.85
2023-02-15 13:31:25.822027,41531.05
2023-02-15 13:31:35.937561,41524.9
2023-02-15 13:31:46.066114,41521.1
2023-02-15 13:31:56.179899,41519.4
2023-02-15 13:32:06.299282,41521.45
2023-02-15 13:32:16.434708,41527.4
2023-02-15 13:32:26.548507,41524.95
2023-02-15 13:32:36.665053,41519.65
2023-02-15 13:32:46.780233,41527.5
2023-02-15 13:32:56.884515,41519.85
2023-02-15 13:33:06.994159,41521.6
2023-02-15 13:33:17.105412,41523.5
2023-02-15 13:33:27.227020,41523.5
2023-02-15 13:33:37.362865,41521.5
2023-02-15 13:33:47.474687,41519.45
2023-02-15 13:33:57.582152,41520.5
2023-02-15 13:34:07.707824,41521.0
2023-02-15 13:34:17.821181,41523.7
2023-02-15 13:34:27.940766,41522.85
2023-02-15 13:34:38.050290,41522.4
2023-02-15 13:34:48.178570,41523.35
2023-02-15 13:34:58.309649,41520.05
2023-02-15 13:35:08.429223,41512.1
2023-02-15 13:35:18.556436,41509.25
2023-02-15 13:35:28.678642,41490.75
2023-02-15 13:35:38.818347,41494.1
2023-02-15 13:35:48.927951,41482.95
2023-02-15 13:35:59.024918,41478.9
2023-02-15 13:36:09.157349,41473.75
2023-02-15 13:36:19.291176,41479.7
2023-02-15 13:36:29.396872,41491.1
2023-02-15 13:36:39.522408,41497.15
2023-02-15 13:36:49.656139,41499.3
2023-02-15 13:36:59.755905,41495.5
2023-02-15 13:37:09.878009,41502.55
2023-02-15 13:37:19.995076,41509.0
2023-02-15 13:37:30.125172,41502.85
2023-02-15 13:37:40.244659,41498.65
2023-02-15 13:37:50.364639,41503.45
2023-02-15 13:38:00.473933,41510.5
2023-02-15 13:38:10.595134,41509.4
2023-02-15 13:38:20.723684,41505.15
2023-02-15 13:38:30.833344,41505.7
2023-02-15 13:38:40.953028,41504.95
2023-02-15 13:38:51.055986,41504.35
2023-02-15 13:39:01.152497,41509.2
2023-02-15 13:39:11.262152,41509.5
2023-02-15 13:39:21.361506,41503.35
2023-02-15 13:39:31.475430,41500.8
2023-02-15 13:39:41.601649,41502.6
2023-02-15 13:39:52.724591,41499.85
2023-02-15 13:40:02.840855,41501.25
2023-02-15 13:40:12.940427,41498.7
2023-02-15 13:40:23.049794,41496.65
2023-02-15 13:40:33.150236,41499.7
2023-02-15 13:40:43.275641,41497.7
2023-02-15 13:40:53.379448,41501.7
2023-02-15 13:41:03.505259,41500.9
2023-02-15 13:41:13.628885,41500.1
2023-02-15 13:41:23.728798,41500.65
2023-02-15 13:41:33.849028,41500.05
2023-02-15 13:41:43.978512,41495.8
2023-02-15 13:41:54.108039,41496.5
2023-02-15 13:42:04.227913,41498.5
2023-02-15 13:42:14.344988,41497.45
2023-02-15 13:42:24.467644,41497.7
2023-02-15 13:42:34.597405,41500.85
2023-02-15 13:42:44.717019,41511.8
2023-02-15 13:42:54.830852,41516.6
2023-02-15 13:43:04.936653,41520.65
2023-02-15 13:43:15.046721,41524.0
2023-02-15 13:43:25.164422,41528.15
2023-02-15 13:43:35.271120,41524.2
2023-02-15 13:43:45.389704,41520.55
2023-02-15 13:43:55.520451,41518.75
2023-02-15 13:44:05.645198,41514.2
2023-02-15 13:44:15.773944,41515.15
2023-02-15 13:44:25.893834,41514.4
2023-02-15 13:44:36.024801,41515.4
2023-02-15 13:44:46.169650,41497.95
2023-02-15 13:44:56.269124,41491.75
2023-02-15 13:45:06.382314,41481.65
2023-02-15 13:45:16.501951,41489.05
2023-02-15 13:45:26.644743,41489.6
2023-02-15 13:45:36.775316,41492.6
2023-02-15 13:45:46.893196,41493.95
2023-02-15 13:45:57.029316,41492.55
2023-02-15 13:46:07.162242,41481.3
2023-02-15 13:46:17.294405,41481.4
2023-02-15 13:46:27.415155,41460.2
2023-02-15 13:46:37.534749,41463.6
2023-02-15 13:46:47.663650,41474.9
2023-02-15 13:46:57.790360,41480.05
2023-02-15 13:47:07.913243,41475.6
2023-02-15 13:47:18.045862,41474.65
2023-02-15 13:47:28.173197,41466.5
2023-02-15 13:47:38.293140,41472.2
2023-02-15 13:47:48.426350,41485.95
2023-02-15 13:47:58.548872,41482.55
2023-02-15 13:48:08.664165,41492.65
2023-02-15 13:48:18.786671,41504.85
2023-02-15 13:48:28.905516,41503.85
2023-02-15 13:48:39.027551,41509.45
2023-02-15 13:48:49.178430,41512.6
2023-02-15 13:48:59.285556,41522.05
2023-02-15 13:49:09.420121,41520.75
2023-02-15 13:49:19.565176,41524.5
2023-02-15 13:49:29.701841,41521.0
2023-02-15 13:49:39.824187,41533.2
2023-02-15 13:49:49.935548,41532.75
2023-02-15 13:50:00.051537,41526.2
2023-02-15 13:50:10.206390,41526.3
2023-02-15 13:50:20.331021,41507.1
2023-02-15 13:50:30.479252,41518.2
2023-02-15 13:50:40.628032,41514.8
2023-02-15 13:50:50.757070,41534.0
2023-02-15 13:51:00.881331,41523.05
2023-02-15 13:51:10.980641,41520.55
2023-02-15 13:51:21.102805,41517.55
2023-02-15 13:51:31.224203,41526.4
2023-02-15 13:51:41.346395,41516.65
2023-02-15 13:51:51.475440,41518.05
2023-02-15 13:52:01.614157,41508.85
2023-02-15 13:52:11.738945,41502.95
2023-02-15 13:52:21.860563,41498.65
2023-02-15 13:52:31.975892,41513.05
2023-02-15 13:52:42.094566,41503.8
2023-02-15 13:52:52.212239,41500.35
2023-02-15 13:53:02.347177,41502.6
2023-02-15 13:53:12.488478,41505.9
2023-02-15 13:53:22.609385,41504.25
2023-02-15 13:53:32.738855,41522.85
2023-02-15 13:53:42.859324,41507.8
2023-02-15 13:53:52.969502,41514.55
2023-02-15 13:54:03.102060,41526.2
2023-02-15 13:54:13.222323,41514.6
2023-02-15 13:54:23.351601,41503.65
2023-02-15 13:54:33.474517,41503.3
2023-02-15 13:54:43.592755,41510.8
2023-02-15 13:54:53.712665,41499.2
2023-02-15 13:55:03.830699,41501.5
2023-02-15 13:55:13.944657,41492.1
2023-02-15 13:55:24.079730,41489.5
2023-02-15 13:55:34.204149,41482.5
2023-02-15 13:55:44.331716,41479.5
2023-02-15 13:55:54.486328,41470.2
2023-02-15 13:56:04.611851,41465.0
2023-02-15 13:56:14.732201,41467.4
2023-02-15 13:56:24.852011,41488.35
2023-02-15 13:56:34.971349,41478.7
2023-02-15 13:56:45.101361,41476.05
2023-02-15 13:56:55.240120,41469.2
2023-02-15 13:57:05.407601,41471.75
2023-02-15 13:57:15.538432,41470.7
2023-02-15 13:57:25.680669,41475.9
2023-02-15 13:57:35.810682,41467.1
2023-02-15 13:57:45.932922,41491.65
2023-02-15 13:57:56.058397,41467.9
2023-02-15 13:58:06.181795,41480.6
2023-02-15 13:58:16.309157,41479.2
2023-02-15 13:58:26.438411,41490.9
2023-02-15 13:58:36.557573,41477.9
2023-02-15 13:58:46.671013,41498.1
2023-02-15 13:58:56.785889,41486.75
2023-02-15 13:59:06.909571,41483.3
2023-02-15 13:59:17.035872,41479.9
2023-02-15 13:59:27.177351,41479.95
2023-02-15 13:59:37.296223,41477.1
2023-02-15 13:59:47.417806,41477.75
2023-02-15 13:59:57.548044,41469.05
2023-02-15 14:00:07.658433,41479.85
2023-02-15 14:00:17.778396,41478.95
2023-02-15 14:00:27.929109,41491.95
2023-02-15 14:00:38.092263,41489.15
2023-02-15 14:00:48.219808,41500.1
2023-02-15 14:00:58.324965,41494.85
2023-02-15 14:01:08.459468,41525.6
2023-02-15 14:01:18.592483,41503.85
2023-02-15 14:01:28.710363,41518.6
2023-02-15 14:01:38.821035,41504.0
2023-02-15 14:01:48.949297,41510.75
2023-02-15 14:01:59.068319,41508.3
2023-02-15 14:02:09.189764,41518.55
2023-02-15 14:02:19.307354,41509.65
2023-02-15 14:02:29.460656,41511.9
2023-02-15 14:02:39.586197,41509.4
2023-02-15 14:02:49.695772,41526.35
2023-02-15 14:02:59.802116,41510.8
2023-02-15 14:03:09.918615,41521.05
2023-02-15 14:03:20.051821,41514.3
2023-02-15 14:03:30.201961,41533.2
2023-02-15 14:03:40.310106,41518.6
2023-02-15 14:03:50.430541,41523.3
2023-02-15 14:04:00.557448,41516.55
2023-02-15 14:04:10.675151,41513.4
2023-02-15 14:04:20.782455,41530.8
2023-02-15 14:04:30.892689,41525.55
2023-02-15 14:04:41.009988,41514.9
2023-02-15 14:04:51.147022,41532.15
2023-02-15 14:05:01.254244,41524.1
2023-02-15 14:05:11.371988,41525.6
2023-02-15 14:05:21.486948,41520.2
2023-02-15 14:05:31.609430,41527.3
2023-02-15 14:05:41.731732,41515.9
2023-02-15 14:05:51.847354,41523.9
2023-02-15 14:06:01.973705,41521.95
2023-02-15 14:06:12.086262,41530.75
2023-02-15 14:06:22.206891,41533.7
2023-02-15 14:06:32.337199,41543.85
2023-02-15 14:06:42.461402,41534.5
2023-02-15 14:06:52.587694,41534.4
2023-02-15 14:07:02.717386,41524.4
2023-02-15 14:07:12.837854,41519.35
2023-02-15 14:07:22.943819,41504.5
2023-02-15 14:07:33.061023,41519.0
2023-02-15 14:07:43.176925,41509.25
2023-02-15 14:07:53.291594,41501.75
2023-02-15 14:08:03.411016,41508.15
2023-02-15 14:08:13.535031,41503.7
2023-02-15 14:08:23.644306,41498.3
2023-02-15 14:08:33.785367,41499.35
2023-02-15 14:08:43.906774,41506.75
2023-02-15 14:08:54.024437,41505.2
2023-02-15 14:09:04.130709,41499.95
2023-02-15 14:09:14.257256,41497.95
2023-02-15 14:09:24.366715,41501.0
2023-02-15 14:09:34.542576,41498.55
2023-02-15 14:09:44.654352,41499.45
2023-02-15 14:09:54.779293,41496.15
2023-02-15 14:10:04.899365,41504.9
2023-02-15 14:10:15.039428,41501.85
2023-02-15 14:10:25.152362,41504.85
2023-02-15 14:10:35.283754,41500.15
2023-02-15 14:10:45.405363,41515.4
2023-02-15 14:10:55.522111,41505.55
2023-02-15 14:11:05.631267,41505.25
2023-02-15 14:11:15.797609,41501.55
2023-02-15 14:11:25.932263,41497.8
2023-02-15 14:11:36.065904,41495.55
2023-02-15 14:11:46.180830,41501.15
2023-02-15 14:11:56.292748,41487.2
2023-02-15 14:12:06.416637,41487.6
2023-02-15 14:12:16.549908,41486.95
2023-02-15 14:12:26.684466,41498.2
2023-02-15 14:12:36.798830,41491.9
2023-02-15 14:12:46.897458,41495.25
2023-02-15 14:12:57.019420,41490.2
2023-02-15 14:13:07.150090,41502.15
2023-02-15 14:13:17.269327,41500.85
2023-02-15 14:13:27.421423,41501.25
2023-02-15 14:13:37.531607,41494.9
2023-02-15 14:13:47.645371,41504.6
2023-02-15 14:13:57.759450,41495.35
2023-02-15 14:14:07.974650,41495.95
2023-02-15 14:14:18.078229,41508.55
2023-02-15 14:14:28.185826,41517.2
2023-02-15 14:14:38.321164,41500.65
2023-02-15 14:14:48.450912,41495.1
2023-02-15 14:14:58.554162,41482.05
2023-02-15 14:15:08.665331,41484.1
2023-02-15 14:15:18.792951,41486.65
2023-02-15 14:15:28.915708,41491.2
2023-02-15 14:15:39.041969,41484.95
2023-02-15 14:15:49.178804,41496.75
2023-02-15 14:15:59.287908,41499.35
2023-02-15 14:16:09.406306,41513.8
2023-02-15 14:16:19.523120,41495.75
2023-02-15 14:16:29.656503,41511.3
2023-02-15 14:16:39.767614,41506.85
2023-02-15 14:16:49.875213,41511.35
2023-02-15 14:17:00.024595,41509.3
2023-02-15 14:17:10.177237,41515.45
2023-02-15 14:17:20.325080,41512.55
2023-02-15 14:17:30.439675,41522.65
2023-02-15 14:17:40.562778,41510.2
2023-02-15 14:17:50.666071,41504.95
2023-02-15 14:18:00.774115,41500.45
2023-02-15 14:18:10.912164,41516.85
2023-02-15 14:18:21.011532,41511.85
2023-02-15 14:18:31.130772,41518.55
2023-02-15 14:18:41.257256,41503.15
2023-02-15 14:18:51.389094,41511.7
2023-02-15 14:19:01.526091,41512.65
2023-02-15 14:19:11.682918,41512.15
2023-02-15 14:19:21.777799,41504.7
2023-02-15 14:19:31.890365,41512.15
2023-02-15 14:19:42.002008,41501.1
2023-02-15 14:19:52.143654,41508.2
2023-02-15 14:20:02.272431,41514.25
2023-02-15 14:20:12.395647,41506.9
2023-02-15 14:20:22.500091,41503.9
2023-02-15 14:20:32.629296,41503.95
2023-02-15 14:20:42.786384,41494.8
2023-02-15 14:20:52.886456,41501.0
2023-02-15 14:21:02.989104,41493.95
2023-02-15 14:21:13.105749,41505.75
2023-02-15 14:21:23.227422,41489.2
2023-02-15 14:21:33.455376,41499.25
2023-02-15 14:21:43.588059,41491.15
2023-02-15 14:21:53.702229,41490.7
2023-02-15 14:22:03.835381,41501.75
2023-02-15 14:22:13.953729,41493.0
2023-02-15 14:22:24.092546,41494.8
2023-02-15 14:22:34.233618,41491.3
2023-02-15 14:22:44.376647,41483.55
2023-02-15 14:22:54.491620,41482.35
2023-02-15 14:23:04.627405,41491.6
2023-02-15 14:23:14.748254,41491.95
2023-02-15 14:23:24.859008,41485.4
2023-02-15 14:23:34.985386,41490.45
2023-02-15 14:23:45.126184,41495.95
2023-02-15 14:23:55.249840,41491.6
2023-02-15 14:24:05.375071,41496.9
2023-02-15 14:24:15.499879,41492.95
2023-02-15 14:24:25.622031,41505.65
2023-02-15 14:24:35.746627,41494.75
2023-02-15 14:24:45.859466,41492.4
2023-02-15 14:24:55.998431,41487.15
2023-02-15 14:25:06.152527,41509.85
2023-02-15 14:25:16.271111,41493.35
2023-02-15 14:25:26.424733,41495.1
2023-02-15 14:25:36.524898,41496.9
2023-02-15 14:25:46.672790,41502.55
2023-02-15 14:25:56.797574,41499.1
2023-02-15 14:26:06.933652,41500.6
2023-02-15 14:26:17.048870,41497.05
2023-02-15 14:26:27.186059,41510.55
2023-02-15 14:26:37.322258,41502.65
2023-02-15 14:26:47.427749,41511.95
2023-02-15 14:26:57.553041,41517.95
2023-02-15 14:27:07.668597,41514.0
2023-02-15 14:27:17.776321,41496.9
2023-02-15 14:27:27.894851,41509.1
2023-02-15 14:27:38.016423,41503.7
2023-02-15 14:27:48.142890,41510.7
2023-02-15 14:27:58.261883,41514.75
2023-02-15 14:28:08.405674,41514.7
2023-02-15 14:28:18.542489,41520.25
2023-02-15 14:28:28.660253,41527.5
2023-02-15 14:28:38.782938,41514.2
2023-02-15 14:28:48.903108,41510.45
2023-02-15 14:28:59.028183,41503.25
2023-02-15 14:29:09.164601,41503.8
2023-02-15 14:29:19.299525,41493.95
2023-02-15 14:29:29.494699,41496.6
2023-02-15 14:29:39.627139,41481.85
2023-02-15 14:29:49.744943,41472.1
2023-02-15 14:29:59.869099,41471.35
2023-02-15 14:30:09.996962,41469.0
2023-02-15 14:30:20.120218,41460.0
2023-02-15 14:30:30.239624,41466.3
2023-02-15 14:30:40.350003,41469.15
2023-02-15 14:30:50.532765,41478.65
2023-02-15 14:31:00.673908,41480.7
2023-02-15 14:31:10.858639,41492.15
2023-02-15 14:31:20.983313,41487.7
2023-02-15 14:31:31.104341,41489.6
2023-02-15 14:31:41.215462,41487.1
2023-02-15 14:31:51.347241,41487.1
2023-02-15 14:32:01.463214,41497.1
2023-02-15 14:32:11.583536,41494.35
2023-02-15 14:32:21.694770,41496.7
2023-02-15 14:32:31.808198,41507.3
2023-02-15 14:32:41.928884,41505.55
2023-02-15 14:32:52.040565,41502.95
2023-02-15 14:33:02.178398,41502.9
2023-02-15 14:33:12.304417,41505.95
2023-02-15 14:33:22.426737,41505.25
2023-02-15 14:33:32.559540,41504.7
2023-02-15 14:33:42.665880,41504.3
2023-02-15 14:33:52.776039,41508.35
2023-02-15 14:34:02.882139,41510.0
2023-02-15 14:34:12.997016,41510.9
2023-02-15 14:34:23.116358,41508.95
2023-02-15 14:34:33.248970,41517.15
2023-02-15 14:34:43.386507,41513.8
2023-02-15 14:34:53.541699,41509.05
2023-02-15 14:35:03.658267,41515.25
2023-02-15 14:35:13.791324,41508.95
2023-02-15 14:35:23.913816,41509.35
2023-02-15 14:35:34.063375,41513.2
2023-02-15 14:35:44.189460,41507.85
2023-02-15 14:35:54.299708,41514.95
2023-02-15 14:36:04.438498,41514.8
2023-02-15 14:36:14.597275,41512.15
2023-02-15 14:36:24.724883,41509.8
2023-02-15 14:36:34.847607,41509.3
2023-02-15 14:36:44.959188,41514.45
2023-02-15 14:36:55.115171,41512.25
2023-02-15 14:37:05.243699,41511.2
2023-02-15 14:37:15.375901,41514.05
2023-02-15 14:37:25.585931,41515.5
2023-02-15 14:37:35.719134,41516.0
2023-02-15 14:37:45.975603,41516.6
2023-02-15 14:37:56.111192,41520.65
2023-02-15 14:38:06.246407,41518.6
2023-02-15 14:38:16.383683,41524.0
2023-02-15 14:38:26.571112,41533.65
2023-02-15 14:38:36.699932,41533.75
2023-02-15 14:38:46.846379,41531.75
2023-02-15 14:38:56.978963,41534.45
2023-02-15 14:39:07.109940,41531.75
2023-02-15 14:39:17.281476,41530.9
2023-02-15 14:39:27.433803,41542.0
2023-02-15 14:39:37.554161,41537.85
2023-02-15 14:39:47.683730,41534.45
2023-02-15 14:39:57.824253,41533.1
2023-02-15 14:40:07.970699,41530.5
2023-02-15 14:40:18.144807,41532.75
2023-02-15 14:40:28.261299,41532.0
2023-02-15 14:40:38.383567,41536.0
2023-02-15 14:40:48.518341,41541.75
2023-02-15 14:40:58.636818,41543.25
2023-02-15 14:41:08.768359,41546.0
2023-02-15 14:41:18.899267,41548.1
2023-02-15 14:41:29.047745,41550.6
2023-02-15 14:41:39.160996,41548.75
2023-02-15 14:41:49.317203,41543.45
2023-02-15 14:41:59.479957,41543.45
2023-02-15 14:42:09.604352,41534.15
2023-02-15 14:42:19.727827,41531.5
2023-02-15 14:42:29.870398,41534.5
2023-02-15 14:42:40.000211,41531.45
2023-02-15 14:42:50.115239,41525.7
2023-02-15 14:43:00.235232,41525.95
2023-02-15 14:43:10.334926,41533.7
2023-02-15 14:43:20.463813,41525.45
2023-02-15 14:43:30.590532,41530.7
2023-02-15 14:43:40.748815,41529.65
2023-02-15 14:43:50.881521,41523.6
2023-02-15 14:44:01.016285,41531.55
2023-02-15 14:44:11.139599,41530.4
2023-02-15 14:44:21.251105,41528.8
2023-02-15 14:44:31.391567,41533.15
2023-02-15 14:44:41.498099,41524.6
2023-02-15 14:44:51.637855,41524.9
2023-02-15 14:45:01.780612,41523.4
2023-02-15 14:45:11.915280,41535.4
2023-02-15 14:45:22.073051,41533.45
2023-02-15 14:45:32.195469,41535.25
2023-02-15 14:45:42.318244,41534.3
2023-02-15 14:45:52.458997,41529.45
2023-02-15 14:46:02.579652,41536.6
2023-02-15 14:46:12.695869,41533.45
2023-02-15 14:46:22.816547,41534.0
2023-02-15 14:46:32.953282,41535.35
2023-02-15 14:46:43.108444,41529.55
2023-02-15 14:46:53.222075,41521.2
2023-02-15 14:47:03.394919,41525.3
2023-02-15 14:47:13.532119,41527.55
2023-02-15 14:47:23.682374,41529.55
2023-02-15 14:47:33.816818,41533.35
2023-02-15 14:47:43.959639,41532.15
2023-02-15 14:47:54.094088,41533.25
2023-02-15 14:48:04.237989,41536.8
2023-02-15 14:48:14.366920,41535.5
2023-02-15 14:48:24.497692,41536.75
2023-02-15 14:48:34.609394,41532.05
2023-02-15 14:48:44.739932,41534.2
2023-02-15 14:48:54.900203,41532.65
2023-02-15 14:49:05.046521,41534.9
2023-02-15 14:49:15.158222,41537.85
2023-02-15 14:49:25.268021,41534.1
2023-02-15 14:49:35.398413,41535.65
2023-02-15 14:49:45.528911,41537.25
2023-02-15 14:49:55.631864,41542.55
2023-02-15 14:50:05.761959,41542.05
2023-02-15 14:50:15.894575,41543.05
2023-02-15 14:50:26.016771,41539.0
2023-02-15 14:50:36.150599,41544.55
2023-02-15 14:50:46.295662,41543.35
2023-02-15 14:50:56.435647,41544.9
2023-02-15 14:51:06.551724,41544.75
2023-02-15 14:51:16.679680,41548.05
2023-02-15 14:51:26.815298,41545.5
2023-02-15 14:51:36.934052,41548.75
2023-02-15 14:51:47.064594,41552.65
2023-02-15 14:51:57.195250,41552.35
2023-02-15 14:52:07.309357,41566.1
2023-02-15 14:52:17.449806,41569.9
2023-02-15 14:52:27.561259,41567.55
2023-02-15 14:52:37.681651,41568.7
2023-02-15 14:52:47.806096,41571.85
2023-02-15 14:52:57.955671,41561.85
2023-02-15 14:53:08.083704,41556.15
2023-02-15 14:53:18.207572,41560.9
2023-02-15 14:53:28.325456,41557.9
2023-02-15 14:53:38.442267,41563.1
2023-02-15 14:53:48.568321,41565.0
2023-02-15 14:53:58.680175,41565.9
2023-02-15 14:54:08.803601,41563.75
2023-02-15 14:54:18.933100,41573.8
2023-02-15 14:54:29.042865,41572.55
2023-02-15 14:54:39.183098,41573.45
2023-02-15 14:54:49.313155,41565.35
2023-02-15 14:54:59.453188,41557.7
2023-02-15 14:55:09.601261,41566.95
2023-02-15 14:55:19.709543,41571.15
2023-02-15 14:55:29.830070,41572.85
2023-02-15 14:55:39.955985,41572.05
2023-02-15 14:55:50.124914,41575.0
2023-02-15 14:56:00.238348,41577.3
2023-02-15 14:56:10.355616,41573.2
2023-02-15 14:56:20.486370,41573.7
2023-02-15 14:56:30.599763,41582.45
2023-02-15 14:56:40.740553,41590.9
2023-02-15 14:56:50.895212,41589.7
2023-02-15 14:57:01.026729,41588.7
2023-02-15 14:57:11.157408,41587.2
2023-02-15 14:57:21.293797,41591.55
2023-02-15 14:57:31.413331,41594.8
2023-02-15 14:57:41.547483,41588.9
2023-02-15 14:57:51.668050,41595.0
2023-02-15 14:58:01.798998,41596.5
2023-02-15 14:58:11.933083,41600.15
2023-02-15 14:58:22.059138,41601.5
2023-02-15 14:58:32.191079,41602.1
2023-02-15 14:58:42.317834,41604.1
2023-02-15 14:58:52.455963,41595.65
2023-02-15 14:59:02.597140,41600.15
2023-02-15 14:59:12.766339,41594.1
2023-02-15 14:59:22.896629,41598.5
2023-02-15 14:59:33.011096,41599.95
2023-02-15 14:59:43.130206,41598.9
2023-02-15 14:59:53.251620,41603.45
2023-02-15 15:00:03.377947,41615.35
2023-02-15 15:00:13.496896,41617.0
2023-02-15 15:00:23.659270,41626.4
2023-02-15 15:00:33.789174,41632.05
2023-02-15 15:00:43.904475,41648.0
2023-02-15 15:00:54.051431,41652.15
2023-02-15 15:01:04.212745,41650.35
2023-02-15 15:01:14.339142,41648.55
2023-02-15 15:01:24.469650,41644.3
2023-02-15 15:01:34.658415,41646.25
2023-02-15 15:01:44.815190,41653.45
2023-02-15 15:01:54.962760,41658.4
2023-02-15 15:02:05.101523,41667.35
2023-02-15 15:02:15.231624,41666.35
2023-02-15 15:02:25.335144,41673.9
2023-02-15 15:02:35.480232,41674.6
2023-02-15 15:02:45.590035,41673.4
2023-02-15 15:02:55.710445,41681.4
2023-02-15 15:03:05.843046,41685.25
2023-02-15 15:03:16.005184,41673.9
2023-02-15 15:03:26.124633,41665.9
2023-02-15 15:03:36.275591,41664.2
2023-02-15 15:03:46.434474,41671.05
2023-02-15 15:03:56.560164,41676.5
2023-02-15 15:04:06.715005,41675.55
2023-02-15 15:04:16.845313,41678.65
2023-02-15 15:04:26.975528,41684.45
2023-02-15 15:04:37.090419,41680.55
2023-02-15 15:04:47.227229,41693.15
2023-02-15 15:04:57.351789,41689.45
2023-02-15 15:05:07.501519,41687.15
2023-02-15 15:05:17.621988,41686.45
2023-02-15 15:05:27.853630,41683.6
2023-02-15 15:05:37.990027,41691.45
2023-02-15 15:05:48.116321,41692.25
2023-02-15 15:05:58.252951,41697.75
2023-02-15 15:06:08.411624,41712.75
2023-02-15 15:06:18.542639,41707.55
2023-02-15 15:06:28.683110,41705.75
2023-02-15 15:06:38.802303,41701.9
2023-02-15 15:06:48.934631,41705.9
2023-02-15 15:06:59.052361,41708.2
2023-02-15 15:07:09.172263,41714.0
2023-02-15 15:07:19.322075,41721.9
2023-02-15 15:07:29.447888,41736.35
2023-02-15 15:07:39.562005,41735.3
2023-02-15 15:07:49.743068,41727.45
2023-02-15 15:07:59.871574,41722.95
2023-02-15 15:08:10.021317,41726.9
2023-02-15 15:08:20.161354,41732.85
2023-02-15 15:08:30.312524,41725.15
2023-02-15 15:08:40.453552,41728.85
2023-02-15 15:08:50.570044,41725.3
2023-02-15 15:09:00.743891,41720.2
2023-02-15 15:09:10.868587,41733.35
2023-02-15 15:09:20.992314,41731.7
2023-02-15 15:09:31.112688,41731.8
2023-02-15 15:09:41.273270,41727.2
2023-02-15 15:09:51.417785,41730.65
2023-02-15 15:10:01.638393,41739.6
2023-02-15 15:10:11.765721,41737.4
2023-02-15 15:10:21.893399,41724.45
2023-02-15 15:10:32.033366,41731.15
2023-02-15 15:10:42.202652,41725.05
2023-02-15 15:10:52.332349,41718.35
2023-02-15 15:11:02.464475,41720.75
2023-02-15 15:11:12.568067,41720.75
2023-02-15 15:11:22.703153,41727.8
2023-02-15 15:11:32.813970,41726.7
2023-02-15 15:11:42.962059,41725.55
2023-02-15 15:11:53.115995,41732.15
2023-02-15 15:12:03.281957,41733.1
2023-02-15 15:12:13.411312,41731.7
2023-02-15 15:12:23.543418,41731.15
2023-02-15 15:12:33.684732,41730.5
2023-02-15 15:12:43.811534,41729.7
2023-02-15 15:12:53.926538,41737.15
2023-02-15 15:13:04.083864,41738.85
2023-02-15 15:13:14.208075,41734.65
2023-02-15 15:13:24.338726,41729.2
2023-02-15 15:13:34.448035,41724.1
2023-02-15 15:13:44.588909,41733.5
2023-02-15 15:13:54.702258,41734.4
2023-02-15 15:14:04.845981,41723.3
2023-02-15 15:14:14.999674,41723.65
2023-02-15 15:14:25.141240,41722.2
2023-02-15 15:14:35.260652,41723.3
2023-02-15 15:14:45.406305,41728.35
2023-02-15 15:14:55.519188,41727.2
2023-02-15 15:15:05.657489,41731.85
2023-02-15 15:15:15.845001,41728.45
2023-02-15 15:15:25.984860,41729.7
2023-02-15 15:15:36.111832,41723.45
2023-02-15 15:15:46.237132,41717.4
2023-02-15 15:15:56.371471,41723.75
2023-02-15 15:16:06.517741,41732.25
2023-02-15 15:16:16.642232,41729.0
2023-02-15 15:16:26.774407,41732.95
2023-02-15 15:16:36.916426,41733.65
2023-02-15 15:16:47.046125,41733.55
2023-02-15 15:16:57.164342,41733.5
2023-02-15 15:17:07.285398,41733.15
2023-02-15 15:17:17.392932,41734.5
2023-02-15 15:17:27.528612,41736.6
2023-02-15 15:17:37.662814,41736.15
2023-02-15 15:17:47.799388,41740.15
2023-02-15 15:17:57.930394,41739.55
2023-02-15 15:18:08.061393,41748.9
2023-02-15 15:18:18.190620,41747.95
2023-02-15 15:18:28.329615,41751.1
2023-02-15 15:18:38.458317,41749.05
2023-02-15 15:18:48.594905,41755.15
2023-02-15 15:18:58.727558,41760.4
2023-02-15 15:19:08.843161,41762.85
2023-02-15 15:19:19.005663,41760.4
2023-02-15 15:19:29.157149,41767.3
2023-02-15 15:19:39.288450,41766.35
2023-02-15 15:19:49.420714,41771.1
2023-02-15 15:19:59.543265,41767.1
2023-02-15 15:20:09.656236,41774.2
2023-02-15 15:20:19.793698,41778.3
2023-02-15 15:20:29.921818,41785.7
2023-02-15 15:20:40.032295,41783.9
2023-02-15 15:20:50.168744,41795.45
2023-02-15 15:21:00.285164,41761.95
2023-02-15 15:21:10.422353,41775.9
2023-02-15 15:21:20.555064,41776.9
2023-02-15 15:21:30.700114,41778.4
2023-02-15 15:21:40.818196,41781.15
2023-02-15 15:21:50.960786,41786.05
2023-02-15 15:22:01.094280,41785.1
2023-02-15 15:22:11.219621,41781.7
2023-02-15 15:22:21.356980,41787.15
2023-02-15 15:22:31.486551,41780.8
2023-02-15 15:22:41.598395,41776.4
2023-02-15 15:22:51.737653,41777.55
2023-02-15 15:23:01.871119,41782.7
2023-02-15 15:23:11.995565,41771.75
2023-02-15 15:23:22.123050,41780.95
2023-02-15 15:23:32.257645,41780.9
2023-02-15 15:23:42.385427,41779.15
2023-02-15 15:23:52.493496,41782.35
2023-02-15 15:24:02.609546,41778.6
2023-02-15 15:24:12.762460,41778.0
2023-02-15 15:24:22.903810,41779.35
2023-02-15 15:24:33.029158,41783.75
2023-02-15 15:24:43.155829,41779.5
2023-02-15 15:24:53.286302,41782.2
2023-02-15 15:25:03.401572,41785.2
2023-02-15 15:25:13.545079,41786.3
2023-02-15 15:25:23.666772,41778.8
2023-02-15 15:25:33.814537,41780.35
2023-02-15 15:25:43.950955,41769.4
2023-02-15 15:25:54.081219,41774.4
2023-02-15 15:26:04.182068,41770.9
2023-02-15 15:26:14.299199,41770.1
2023-02-15 15:26:24.420595,41766.25
2023-02-15 15:26:34.538539,41766.65
2023-02-15 15:26:44.682320,41767.15
2023-02-15 15:26:54.819698,41771.85
2023-02-15 15:27:04.940594,41772.45
2023-02-15 15:27:15.065010,41770.3
2023-02-15 15:27:25.197254,41771.05
